,RMSE,MAE,R2
Linear Regression,1.7607465791978516,1.3970284680326406,0.9684179309740201
Polynomial Regression (Degree 2),1.7331933263012922,1.3807028265874113,0.9693986287291149
Random Forest Regressor,2.07740702604972,1.6812105504587174,0.9560367222932498
Support Vector Regressor (SVR),1.9807241807996516,1.5697001911058237,0.9600336139760548
Neural Network (MLP),1.8466379828955315,1.4812963016237823,0.9652615529245228
